name,email,phone_number,address,skills,experience,education
Pacific Ave,email@email.com,,"1515 Pacific Ave
Los Angeles, CA 90291","['email', 'template', 'preparation', 'maintenance', 'equipment', 'operation', 'sanitation', 'experience', 'nutrition', 'food', 'preparation', 'deliver', 'promotion', 'head', 'efficiency', 'prescribe', 'food', 'nutrition', 'status', 'policy', 'nutrition', 'education', 'morbid', 'obesity', 'cholesterol', 'health', 'center', 'nutrition', 'nutrition', 'education', 'counseling', 'status', 'program', 'program', 'state', 'counseling', 'make', 'behavior', 'initiation', 'nitration', 'hyperparathyroidism', 'monitoring', 'osteodystrophy', 'management', 'anemia', 'nutrition', 'management', 'mineral', 'status', 'anemia', 'hemodialysis', 'nutrition', 'support', 'help', 'improve', 'health', 'usage', 'nutrition', 'support', 'team', '%', 'cost', 'care', 'bed', 'care', 'facility', 'staff', 'food', 'production', 'mass', 'promotion', 'school']",[],[]
Esther Scott,email@email.com,,"1515 Pacific Ave
Los Angeles, CA 90291","['email', 'email.com', 'travel', 'expertise', 'planning', 'career', 'experience', 'partnership', 'identification', 'development', 'event', 'planning', 'travel', 'coordination', 'organization', 'time', 'management', 'communication', '—', 'tourist', 'transport', 'accommodation', 'car', 'continent', 'accommodation', 'destination', 'advice', 'tour', 'vacation', 'company', 'improve', 'accuracy', 'travel', 'agency', 'information', 'cleanliness', 'issue', 'confirm', 'information', 'information', '—', 'responsibility', 'coordinate', 'create', 'handle', 'inventory', 'management', 'rail', 'booking', 'document', 'shipping', 'client', '’', 'phone', 'person', 'company', 'website', 'ease', 'use', 'completeness', 'marketability', 'weather', 'government', 'nature', 'degree', '—', '—', 'ravel', '—', 'award', '%', 'client', 'satisfaction', 'survey', 'ticket', 'customer', 'day', 'income']",[],[]
Mandy Campbell,email@email.com,,,"['email', 'birth', 'license', 'Build', 'template', 'experience', 'reach', 'fitness', 'client', 'decrease', 'blood', 'sugar', 'mg/dl', 'client', 'decrease', 'body', 'mass', 'marketing', 'group', 'fitness', 'programming', 'rapport', 'group-class', 'utilization', '%', 'class', 'program', 'program', '•Instructor', 'fitness', 'business', 'environment', 'fitness', 'fitness', '%', 'quarter', 'word-of-mouth', 'listening', 'design', 'gym', 'outline', 'equipment', 'safety', 'array', '•T', 'achieve', 'fitness', 'combination', 'exercise', 'nutrition', 'strength', 'conditioning', 'week', 'high-intensity', 'training', 'education', 'group', 'heart', 'rate', 'coursework', 'Level', 'arsity', 'track', 'athlete', '•Leader', 'varsity', 'cycling', 'club', 'ery', 'commandAC', 'group', 'exercise', 'training', 'fitness', 'boot', 'camp', 'participation', 'class', '%', '%', 'challenge', 'training', 'advantage', 'fitness']",[],[]
Pacific Ave,email@email.com,,,"['email', 'experience', 'high-end', 'product', 'recognition', 'seller', 'fashionista', 'birth', 'license', 'lead', 'designer', 'winter', 'collection', 'team', 'conceptualization', 'design', 's', 'fashion', 'brand', 's', 'look', '•Ran', 'product', 'design', 'process', 'market', 'research', 'board', 'development', 'sketching', 'design', 'product', 'development', 'product', 'concept', 'concept', 'design', 'manufacturing', 'selection', 'meeting', 'choosing', 'ork', 'direction', 'business', 'strategy', 'company', 'style', 'fabric', 'fit', 'predict', 'order', 'surpass', 'customer', 'react', 'design', 'process', 'preproduction', 'merchandising', 'product', 'development', 'place', 'level', '•Dissertation', 'topic', 'leather', 'ankle', 'boots.', 'clothesline', 'university', 'personnelAdobe', 'template', 'winter', 'collection', 's', 'style', 'collection', 'success', '%', 'summer', 'collection', 'revenue', '%', 'year', 'team', 'create', 'month', 's', 'apparel', 'company', 'company', 's', 'platform', 'speaker', 'speaker']",[],[]
Pacific Ave,email@email.com,,"1515 Pacific Ave
Los Angeles, CA 90291","['email', 'birth', 'license', 'template', 'compliance', 'justice', 'knowledge', 'combat', 'training', 'experience', 'defense', 'Proficient', 'nonhuman', 'nature', 'bachelor', '’', 's', 'justice', 'information', 'surveillance', 'interviewing', 'equipment', 'security', 'headquarters', 'hour', 'day', 'night', 'shift', 'control', 'order', 'force', 'protect', 'company', 'event', 'security', 'scene', 'purpose', 'area', 'place', 'management', 'closing', 'time', 'vagrants/', 'app', '•Ensure', 'equipment', 'operation', 'maintenance', 'manufacturer', 'equipment', '•Course', 'theft', 'hotel', 'linen', 'décor', 'cutlery', '%', 'vigilance', 'hotel', 'back', 'shopping', 'product', 'stock', 'theft', '%', 'loss', 'prevention', 'scanning', 'system', 'entrance', 'exit', 'building', 'theft', '%', 'access', 'control', 'entry', 'solicitation', '%', 'announcement', 'notification', 'app', 'entry', 'employee', 'device']",[],[]
Jason Miller,email@email.com,,"1515 Pacific Ave
Los Angeles, CA 90291","['tenure', 'shipping', 'yard', 'setting', 'speed', '%', 'error', '%', 'score', 'specs', '%', 'ratio', 'packing', 'certificate', 'driver', 's', 'license', 'packing', 'picking', 'counting', 'record', 'area', 'percentile', '%', 'accuracy', 'work', 'area', '%', 'inspection', 'lab', 'assistant', 'laboratory', 'remove', 'improve', 'productivity', 'warehouse', 'helper', 'job', 'description', 'picking', 'shipping', 'inventory', 'management', 'equipment', '%', 'top', '•Cut', 'storage', 'waste', '%', 'system', 'Education', 'Inventory', 'email', 'birth', 'license', 'template', '—', 'rate', 'day', 'month', 'attendance', 'punctuality', 'performance', 'workflow']",[],[]
Kristen Connelly,email@email.com,,"1515 Pacific Ave
Los Angeles, CA 90291","['online', 'Competent', 'required', '%', 'enhance', 'audience', 'satisfaction', '—', 'scale', 'production', 'team', 'production', 'development', 'pre-production', 'post-production', 'photography', 'distribution', 'room', 'traffic', 'guest', 'story', 'footage', 'presentation', 'audio', 'editing', 'editing', 'system', '—', 'equipment', 'edit', 'conception', 'creation', 'production', 'team', 'provide', 'content', 'video', '•Built', 'videography', 'business', 'equipment', 'studio', 'maintenance', 'video', 'equipment', 'vendor', 'repair', 'Education', '—', '–', '—', '—', 'email', 'email.com', 'template']",[],[]
Janine Nel,email@email.com,,,"['email', 'email.com', 'Place', 'birth', 'license', '%', 'growth', 'income', 'technology', 'provider', '—', 'duty', 'recognize', 'provide', 'customer', 'filtration', 'lubrication', 'education', 'product', 'info', 'machine', 'lubrication', 'application', 'lubricant', 'conservation', 'handling', 'filtration', 'program', 'oil', 'weekly', 'expense', 'customer', 'company', 'lubrication', 'profit', 'consultant', 'program', 'management', 'customer', 'shaping', 'assembly', 'state', 'concept', '%', 'competition', '%', 'satisfaction', 'support', 'Education', '—', '—']",[],[]
